match;side;team_id;cal;list;position;pid;name;ptype;lply;other_keys
1;home;15374505;True;starts;1;7337;;U;null;b,cscr,m,pid,ptype,scr
1;home;15374505;True;starts;2;1852;;U;null;b,cscr,m,pid,ptype,scr
1;home;15374505;True;starts;3;7274;;-;null;b,cscr,m,pid,ptype,scr
1;home;15374505;True;starts;4;5520;;U;null;b,cscr,m,pid,ptype,scr
1;home;15374505;True;starts;5;4220;;U;null;b,cscr,m,pid,ptype,scr
1;home;15374505;True;starts;6;5500;;-;null;b,cscr,m,pid,ptype,scr
1;home;15374505;True;starts;7;6666;;U;null;b,cscr,m,pid,ptype,scr
1;home;15374505;True;starts;8;152;;-;null;b,cscr,m,pid,ptype,scr
1;home;15374505;True;starts;9;4896;;-;null;b,cscr,m,pid,ptype,scr
1;home;15374505;True;starts;10;7071;;U;null;b,cscr,m,pid,ptype,scr
1;home;15374505;True;starts;11;6669;;U;null;b,cscr,m,pid,ptype,scr
1;home;15374505;True;bench;1;6462;;E;null;b,cscr,m,pid,ptype,scr
1;home;15374505;True;bench;2;7611;;-;null;b,cscr,m,pid,ptype,scr
1;home;15374505;True;bench;3;6217;;E;null;b,cscr,m,pid,ptype,scr
1;home;15374505;True;bench;4;4177;;-;null;b,cscr,m,pid,ptype,scr
1;home;15374505;True;bench;5;7329;;-;null;b,cscr,m,pid,ptype,scr
1;home;15374505;True;bench;6;7253;;-;null;b,cscr,m,pid,ptype,scr
1;home;15374505;True;bench;7;4502;;E;null;b,cscr,m,pid,ptype,scr
1;home;15374505;True;bench;8;2077;;-;null;b,cscr,m,pid,ptype,scr
1;home;15374505;True;bench;9;6717;;-;null;b,cscr,m,pid,ptype,scr
1;home;15374505;True;bench;10;827;;-;null;b,cscr,m,pid,ptype,scr
1;home;15374505;True;bench;11;7203;;-;null;b,cscr,m,pid,ptype,scr
1;home;15374505;True;bench;12;6752;;-;null;b,cscr,m,pid,ptype,scr
1;home;15374505;True;bench;13;7120;;E;null;b,cscr,m,pid,ptype,scr
1;home;15374505;True;bench;14;6229;;E;null;b,cscr,m,pid,ptype,scr
1;away;13100010;True;starts;1;4964;;-;null;b,cscr,m,pid,ptype,scr
1;away;13100010;True;starts;2;5555;;-;null;b,cscr,m,pid,ptype,scr
1;away;13100010;True;starts;3;7414;;-;null;b,cscr,m,pid,ptype,scr
1;away;13100010;True;starts;4;254;;-;null;b,cscr,m,pid,ptype,scr
1;away;13100010;True;starts;5;5862;;-;null;b,cscr,m,pid,ptype,scr
1;away;13100010;True;starts;6;7412;;-;null;b,cscr,m,pid,ptype,scr
1;away;13100010;True;starts;7;5800;;-;null;b,cscr,m,pid,ptype,scr
1;away;13100010;True;starts;8;2848;;-;null;b,cscr,m,pid,ptype,scr
1;away;13100010;True;starts;9;7342;;-;null;b,cscr,m,pid,ptype,scr
1;away;13100010;True;starts;10;2832;;U;null;b,cscr,m,pid,ptype,scr
1;away;13100010;True;starts;11;2764;;-;null;b,cscr,m,pid,ptype,scr
1;away;13100010;True;bench;1;6904;;E;null;b,cscr,m,pid,ptype,scr
1;away;13100010;True;bench;2;2137;;-;null;b,cscr,m,pid,ptype,scr
1;away;13100010;True;bench;3;6844;;-;null;b,cscr,m,pid,ptype,scr
1;away;13100010;True;bench;4;7472;;-;null;b,cscr,m,pid,ptype,scr
1;away;13100010;True;bench;5;4998;;-;null;b,cscr,m,pid,ptype,scr
1;away;13100010;True;bench;6;4817;;-;null;b,cscr,m,pid,ptype,scr
1;away;13100010;True;bench;7;4364;;-;null;b,cscr,m,pid,ptype,scr
1;away;13100010;True;bench;8;6990;;-;null;b,cscr,m,pid,ptype,scr
1;away;13100010;True;bench;9;7154;;-;null;b,cscr,m,pid,ptype,scr
1;away;13100010;True;bench;10;6415;;-;null;b,cscr,m,pid,ptype,scr
1;away;13100010;True;bench;11;2194;;-;null;b,cscr,m,pid,ptype,scr
1;away;13100010;True;bench;12;7351;;-;null;b,cscr,m,pid,ptype,scr
1;away;13100010;True;bench;13;5735;;-;null;b,cscr,m,pid,ptype,scr
1;away;13100010;True;bench;14;7603;;-;null;b,cscr,m,pid,ptype,scr
2;home;19167528;True;starts;1;5116;;-;null;b,cscr,m,pid,ptype,scr
2;home;19167528;True;starts;2;4734;;-;null;b,cscr,m,pid,ptype,scr
2;home;19167528;True;starts;3;7220;;-;null;b,cscr,m,pid,ptype,scr
2;home;19167528;True;starts;4;5695;;U;null;b,cscr,m,pid,ptype,scr
2;home;19167528;True;starts;5;4657;;-;null;b,cscr,m,pid,ptype,scr
2;home;19167528;True;starts;6;2517;;-;null;b,cscr,m,pid,ptype,scr
2;home;19167528;True;starts;7;6010;;U;null;b,cscr,m,pid,ptype,scr
2;home;19167528;True;starts;8;5844;;-;null;b,cscr,m,pid,ptype,scr
2;home;19167528;True;starts;9;5687;;-;null;b,cscr,m,pid,ptype,scr
2;home;19167528;True;starts;10;4871;;-;null;b,cscr,m,pid,ptype,scr
2;home;19167528;True;starts;11;309;;-;null;b,cscr,m,pid,ptype,scr
2;home;19167528;True;bench;1;2814;;-;null;b,cscr,m,pid,ptype,scr
2;home;19167528;True;bench;2;1926;;-;null;b,cscr,m,pid,ptype,scr
2;home;19167528;True;bench;3;4317;;E;null;b,cscr,m,pid,ptype,scr
2;home;19167528;True;bench;4;5675;;-;null;b,cscr,m,pid,ptype,scr
2;home;19167528;True;bench;5;4433;;-;null;b,cscr,m,pid,ptype,scr
2;home;19167528;True;bench;6;7069;;-;null;b,cscr,m,pid,ptype,scr
2;home;19167528;True;bench;7;5792;;E;null;b,cscr,m,pid,ptype,scr
2;home;19167528;True;bench;8;4479;;-;null;b,cscr,m,pid,ptype,scr
2;home;19167528;True;bench;9;6294;;-;null;b,cscr,m,pid,ptype,scr
2;home;19167528;True;bench;10;4777;;-;null;b,cscr,m,pid,ptype,scr
2;home;19167528;True;bench;11;6556;;-;null;b,cscr,m,pid,ptype,scr
2;home;19167528;True;bench;12;7347;;-;null;b,cscr,m,pid,ptype,scr
2;home;19167528;True;bench;13;4371;;-;null;b,cscr,m,pid,ptype,scr
2;home;19167528;True;bench;14;6646;;-;null;b,cscr,m,pid,ptype,scr
2;away;18853479;True;starts;1;6482;;-;null;b,cscr,m,pid,ptype,scr
2;away;18853479;True;starts;2;2816;;-;null;b,cscr,m,pid,ptype,scr
2;away;18853479;True;starts;3;6727;;-;null;b,cscr,m,pid,ptype,scr
2;away;18853479;True;starts;4;6531;;-;null;b,cscr,m,pid,ptype,scr
2;away;18853479;True;starts;5;632;;-;null;b,cscr,m,pid,ptype,scr
2;away;18853479;True;starts;6;6372;;-;null;b,cscr,m,pid,ptype,scr
2;away;18853479;True;starts;7;6875;;-;null;b,cscr,m,pid,ptype,scr
2;away;18853479;True;starts;8;5878;;U;null;b,cscr,m,pid,ptype,scr
2;away;18853479;True;starts;9;6052;;-;null;b,cscr,m,pid,ptype,scr
2;away;18853479;True;starts;10;6397;;-;null;b,cscr,m,pid,ptype,scr
2;away;18853479;True;starts;11;2038;;-;null;b,cscr,m,pid,ptype,scr
2;away;18853479;True;bench;1;7332;;-;null;b,cscr,m,pid,ptype,scr
2;away;18853479;True;bench;2;6534;;-;null;b,cscr,m,pid,ptype,scr
2;away;18853479;True;bench;3;6496;;-;null;b,cscr,m,pid,ptype,scr
2;away;18853479;True;bench;4;6664;;-;null;b,cscr,m,pid,ptype,scr
2;away;18853479;True;bench;5;6660;;-;null;b,cscr,m,pid,ptype,scr
2;away;18853479;True;bench;6;6632;;-;null;b,cscr,m,pid,ptype,scr
2;away;18853479;True;bench;7;6485;;-;null;b,cscr,m,pid,ptype,scr
2;away;18853479;True;bench;8;2765;;E;null;b,cscr,m,pid,ptype,scr
2;away;18853479;True;bench;9;4973;;-;null;b,cscr,m,pid,ptype,scr
2;away;18853479;True;bench;10;5119;;-;null;b,cscr,m,pid,ptype,scr
2;away;18853479;True;bench;11;4911;;-;null;b,cscr,m,pid,ptype,scr
2;away;18853479;True;bench;12;2061;;-;null;b,cscr,m,pid,ptype,scr
2;away;18853479;True;bench;13;7484;;-;null;b,cscr,m,pid,ptype,scr
2;away;18853479;True;bench;14;5029;;-;null;b,cscr,m,pid,ptype,scr
3;home;13104877;True;starts;1;4312;;-;null;b,cscr,m,pid,ptype,scr
3;home;13104877;True;starts;2;6495;;U;null;b,cscr,m,pid,ptype,scr
3;home;13104877;True;starts;3;2788;;-;null;b,cscr,m,pid,ptype,scr
3;home;13104877;True;starts;4;5022;;-;null;b,cscr,m,pid,ptype,scr
3;home;13104877;True;starts;5;6618;;U;null;b,cscr,m,pid,ptype,scr
3;home;13104877;True;starts;6;4179;;-;null;b,cscr,m,pid,ptype,scr
3;home;13104877;True;starts;7;2606;;-;null;b,cscr,m,pid,ptype,scr
3;home;13104877;True;starts;8;7126;;-;null;b,cscr,m,pid,ptype,scr
3;home;13104877;True;starts;9;6060;;-;null;b,cscr,m,pid,ptype,scr
3;home;13104877;True;starts;10;7017;;-;null;b,cscr,m,pid,ptype,scr
3;home;13104877;True;starts;11;5436;;-;null;b,cscr,m,pid,ptype,scr
3;home;13104877;True;bench;1;6966;;-;null;b,cscr,m,pid,ptype,scr
3;home;13104877;True;bench;2;6813;;-;null;b,cscr,m,pid,ptype,scr
3;home;13104877;True;bench;3;5739;;E;null;b,cscr,m,pid,ptype,scr
3;home;13104877;True;bench;4;5526;;-;null;b,cscr,m,pid,ptype,scr
3;home;13104877;True;bench;5;5678;;-;null;b,cscr,m,pid,ptype,scr
3;home;13104877;True;bench;6;6042;;-;null;b,cscr,m,pid,ptype,scr
3;home;13104877;True;bench;7;7529;;-;null;b,cscr,m,pid,ptype,scr
3;home;13104877;True;bench;8;7556;;-;null;b,cscr,m,pid,ptype,scr
3;home;13104877;True;bench;9;5685;;E;null;b,cscr,m,pid,ptype,scr
3;home;13104877;True;bench;10;7223;;-;null;b,cscr,m,pid,ptype,scr
3;home;13104877;True;bench;11;530;;-;null;b,cscr,m,pid,ptype,scr
3;home;13104877;True;bench;12;6572;;-;null;b,cscr,m,pid,ptype,scr
3;home;13104877;True;bench;13;6519;;-;null;b,cscr,m,pid,ptype,scr
3;home;13104877;True;bench;14;7162;;-;null;b,cscr,m,pid,ptype,scr
3;away;13104984;True;starts;1;2170;;-;null;b,cscr,m,pid,ptype,scr
3;away;13104984;True;starts;2;5877;;-;null;b,cscr,m,pid,ptype,scr
3;away;13104984;True;starts;3;2296;;-;null;b,cscr,m,pid,ptype,scr
3;away;13104984;True;starts;4;7181;;-;null;b,cscr,m,pid,ptype,scr
3;away;13104984;True;starts;5;6827;;-;null;b,cscr,m,pid,ptype,scr
3;away;13104984;True;starts;6;536;;-;null;b,cscr,m,pid,ptype,scr
3;away;13104984;True;starts;7;6398;;U;null;b,cscr,m,pid,ptype,scr
3;away;13104984;True;starts;8;1870;;-;null;b,cscr,m,pid,ptype,scr
3;away;13104984;True;starts;9;5995;;-;null;b,cscr,m,pid,ptype,scr
3;away;13104984;True;starts;10;2097;;-;null;b,cscr,m,pid,ptype,scr
3;away;13104984;True;starts;11;6967;;-;null;b,cscr,m,pid,ptype,scr
3;away;13104984;True;bench;1;2521;;-;null;b,cscr,m,pid,ptype,scr
3;away;13104984;True;bench;2;572;;-;null;b,cscr,m,pid,ptype,scr
3;away;13104984;True;bench;3;4887;;E;null;b,cscr,m,pid,ptype,scr
3;away;13104984;True;bench;4;5273;;-;null;b,cscr,m,pid,ptype,scr
3;away;13104984;True;bench;5;4210;;-;null;b,cscr,m,pid,ptype,scr
3;away;13104984;True;bench;6;6826;;-;null;b,cscr,m,pid,ptype,scr
3;away;13104984;True;bench;7;2724;;-;null;b,cscr,m,pid,ptype,scr
3;away;13104984;True;bench;8;5422;;-;null;b,cscr,m,pid,ptype,scr
3;away;13104984;True;bench;9;22;;-;null;b,cscr,m,pid,ptype,scr
3;away;13104984;True;bench;10;6503;;-;null;b,cscr,m,pid,ptype,scr
3;away;13104984;True;bench;11;4349;;-;null;b,cscr,m,pid,ptype,scr
3;away;13104984;True;bench;12;6215;;-;null;b,cscr,m,pid,ptype,scr
3;away;13104984;True;bench;13;6435;;-;null;b,cscr,m,pid,ptype,scr
3;away;13104984;True;bench;14;7561;;-;null;b,cscr,m,pid,ptype,scr
4;home;13137726;True;starts;1;6662;;-;null;b,cscr,m,pid,ptype,scr
4;home;13137726;True;starts;2;4807;;-;null;b,cscr,m,pid,ptype,scr
4;home;13137726;True;starts;3;6869;;-;null;b,cscr,m,pid,ptype,scr
4;home;13137726;True;starts;4;7219;;-;null;b,cscr,m,pid,ptype,scr
4;home;13137726;True;starts;5;6274;;-;null;b,cscr,m,pid,ptype,scr
4;home;13137726;True;starts;6;5559;;-;null;b,cscr,m,pid,ptype,scr
4;home;13137726;True;starts;7;6684;;-;null;b,cscr,m,pid,ptype,scr
4;home;13137726;True;starts;8;7060;;-;null;b,cscr,m,pid,ptype,scr
4;home;13137726;True;starts;9;531;;-;null;b,cscr,m,pid,ptype,scr
4;home;13137726;True;starts;10;5637;;-;null;b,cscr,m,pid,ptype,scr
4;home;13137726;True;starts;11;6204;;-;null;b,cscr,m,pid,ptype,scr
4;home;13137726;True;bench;1;4431;;-;null;b,cscr,m,pid,ptype,scr
4;home;13137726;True;bench;2;2134;;-;null;b,cscr,m,pid,ptype,scr
4;home;13137726;True;bench;3;6989;;-;null;b,cscr,m,pid,ptype,scr
4;home;13137726;True;bench;4;4994;;-;null;b,cscr,m,pid,ptype,scr
4;home;13137726;True;bench;5;7599;;-;null;b,cscr,m,pid,ptype,scr
4;home;13137726;True;bench;6;7294;;-;null;b,cscr,m,pid,ptype,scr
4;home;13137726;True;bench;7;6956;;-;null;b,cscr,m,pid,ptype,scr
4;home;13137726;True;bench;8;5172;;-;null;b,cscr,m,pid,ptype,scr
4;home;13137726;True;bench;9;5823;;-;null;b,cscr,m,pid,ptype,scr
4;home;13137726;True;bench;10;5888;;-;null;b,cscr,m,pid,ptype,scr
4;home;13137726;True;bench;11;7311;;-;null;b,cscr,m,pid,ptype,scr
4;home;13137726;True;bench;12;4923;;-;null;b,cscr,m,pid,ptype,scr
4;home;13137726;True;bench;13;6675;;-;null;b,cscr,m,pid,ptype,scr
4;home;13137726;True;bench;14;6434;;-;null;b,cscr,m,pid,ptype,scr
4;away;18753606;True;starts;1;133;;-;null;b,cscr,m,pid,ptype,scr
4;away;18753606;True;starts;2;5641;;-;null;b,cscr,m,pid,ptype,scr
4;away;18753606;True;starts;3;5750;;-;null;b,cscr,m,pid,ptype,scr
4;away;18753606;True;starts;4;4409;;-;null;b,cscr,m,pid,ptype,scr
4;away;18753606;True;starts;5;4159;;-;null;b,cscr,m,pid,ptype,scr
4;away;18753606;True;starts;6;5295;;-;null;b,cscr,m,pid,ptype,scr
4;away;18753606;True;starts;7;6680;;-;null;b,cscr,m,pid,ptype,scr
4;away;18753606;True;starts;8;6898;;-;null;b,cscr,m,pid,ptype,scr
4;away;18753606;True;starts;9;4287;;-;null;b,cscr,m,pid,ptype,scr
4;away;18753606;True;starts;10;4463;;-;null;b,cscr,m,pid,ptype,scr
4;away;18753606;True;starts;11;7023;;-;null;b,cscr,m,pid,ptype,scr
4;away;18753606;True;bench;1;6248;;-;null;b,cscr,m,pid,ptype,scr
4;away;18753606;True;bench;2;7235;;-;null;b,cscr,m,pid,ptype,scr
4;away;18753606;True;bench;3;2167;;-;null;b,cscr,m,pid,ptype,scr
4;away;18753606;True;bench;4;4359;;-;null;b,cscr,m,pid,ptype,scr
4;away;18753606;True;bench;5;6831;;-;null;b,cscr,m,pid,ptype,scr
4;away;18753606;True;bench;6;7314;;-;null;b,cscr,m,pid,ptype,scr
4;away;18753606;True;bench;7;4845;;-;null;b,cscr,m,pid,ptype,scr
4;away;18753606;True;bench;8;5982;;-;null;b,cscr,m,pid,ptype,scr
4;away;18753606;True;bench;9;5457;;-;null;b,cscr,m,pid,ptype,scr
4;away;18753606;True;bench;10;2155;;-;null;b,cscr,m,pid,ptype,scr
4;away;18753606;True;bench;11;5336;;-;null;b,cscr,m,pid,ptype,scr
4;away;18753606;True;bench;12;4199;;-;null;b,cscr,m,pid,ptype,scr
4;away;18753606;True;bench;13;2514;;-;null;b,cscr,m,pid,ptype,scr
4;away;18753606;True;bench;14;4957;;-;null;b,cscr,m,pid,ptype,scr
5;home;13253444;True;starts;1;5841;;-;null;b,cscr,m,pid,ptype,scr
5;home;13253444;True;starts;2;5620;;-;null;b,cscr,m,pid,ptype,scr
5;home;13253444;True;starts;3;2120;;-;null;b,cscr,m,pid,ptype,scr
5;home;13253444;True;starts;4;5833;;-;null;b,cscr,m,pid,ptype,scr
5;home;13253444;True;starts;5;4856;;-;null;b,cscr,m,pid,ptype,scr
5;home;13253444;True;starts;6;2766;;-;null;b,cscr,m,pid,ptype,scr
5;home;13253444;True;starts;7;2379;;-;null;b,cscr,m,pid,ptype,scr
5;home;13253444;True;starts;8;6884;;-;null;b,cscr,m,pid,ptype,scr
5;home;13253444;True;starts;9;5694;;-;null;b,cscr,m,pid,ptype,scr
5;home;13253444;True;starts;10;5951;;-;null;b,cscr,m,pid,ptype,scr
5;home;13253444;True;starts;11;7600;;-;null;b,cscr,m,pid,ptype,scr
5;home;13253444;True;bench;1;610;;-;null;b,cscr,m,pid,ptype,scr
5;home;13253444;True;bench;2;7048;;-;null;b,cscr,m,pid,ptype,scr
5;home;13253444;True;bench;3;7469;;-;null;b,cscr,m,pid,ptype,scr
5;home;13253444;True;bench;4;7564;;-;null;b,cscr,m,pid,ptype,scr
5;home;13253444;True;bench;5;7537;;-;null;b,cscr,m,pid,ptype,scr
5;home;13253444;True;bench;6;2728;;-;null;b,cscr,m,pid,ptype,scr
5;home;13253444;True;bench;7;7410;;-;null;b,cscr,m,pid,ptype,scr
5;home;13253444;True;bench;8;6151;;-;null;b,cscr,m,pid,ptype,scr
5;home;13253444;True;bench;9;779;;-;null;b,cscr,m,pid,ptype,scr
5;home;13253444;True;bench;10;5791;;-;null;b,cscr,m,pid,ptype,scr
5;home;13253444;True;bench;11;4892;;-;null;b,cscr,m,pid,ptype,scr
5;home;13253444;True;bench;12;7623;;-;null;b,cscr,m,pid,ptype,scr
5;home;13253444;True;bench;13;6145;;-;null;b,cscr,m,pid,ptype,scr
5;home;13253444;True;bench;14;7482;;-;null;b,cscr,m,pid,ptype,scr
5;away;13138740;True;starts;1;4236;;-;null;b,cscr,m,pid,ptype,scr
5;away;13138740;True;starts;2;4976;;-;null;b,cscr,m,pid,ptype,scr
5;away;13138740;True;starts;3;6867;;-;null;b,cscr,m,pid,ptype,scr
5;away;13138740;True;starts;4;7532;;U;null;b,cscr,m,pid,ptype,scr
5;away;13138740;True;starts;5;2423;;-;null;b,cscr,m,pid,ptype,scr
5;away;13138740;True;starts;6;5589;;-;null;b,cscr,m,pid,ptype,scr
5;away;13138740;True;starts;7;184;;-;null;b,cscr,m,pid,ptype,scr
5;away;13138740;True;starts;8;7078;;-;null;b,cscr,m,pid,ptype,scr
5;away;13138740;True;starts;9;5585;;-;null;b,cscr,m,pid,ptype,scr
5;away;13138740;True;starts;10;7554;;-;null;b,cscr,m,pid,ptype,scr
5;away;13138740;True;starts;11;5734;;-;null;b,cscr,m,pid,ptype,scr
5;away;13138740;True;bench;1;4401;;-;null;b,cscr,m,pid,ptype,scr
5;away;13138740;True;bench;2;5885;;-;null;b,cscr,m,pid,ptype,scr
5;away;13138740;True;bench;3;4664;;-;null;b,cscr,m,pid,ptype,scr
5;away;13138740;True;bench;4;5514;;-;null;b,cscr,m,pid,ptype,scr
5;away;13138740;True;bench;5;6320;;-;null;b,cscr,m,pid,ptype,scr
5;away;13138740;True;bench;6;6908;;-;null;b,cscr,m,pid,ptype,scr
5;away;13138740;True;bench;7;7436;;-;null;b,cscr,m,pid,ptype,scr
5;away;13138740;True;bench;8;7070;;-;null;b,cscr,m,pid,ptype,scr
5;away;13138740;True;bench;9;1850;;-;null;b,cscr,m,pid,ptype,scr
5;away;13138740;True;bench;10;4360;;-;null;b,cscr,m,pid,ptype,scr
5;away;13138740;True;bench;11;4485;;-;null;b,cscr,m,pid,ptype,scr
5;away;13138740;True;bench;12;7272;;-;null;b,cscr,m,pid,ptype,scr
5;away;13138740;True;bench;13;7523;;-;null;b,cscr,m,pid,ptype,scr
5;away;13138740;True;bench;14;7622;;-;null;b,cscr,m,pid,ptype,scr
