$,$,$
tricchetracht,7412,3
tricchetracht,5735,1
tricchetracht,7472,1
tricchetracht,4364,1
tricchetracht,5800,16
tricchetracht,6844,20
tricchetracht,2848,36
tricchetracht,2194,55
tricchetracht,4817,1
tricchetracht,7154,1
tricchetracht,6990,1
tricchetracht,5555,7
tricchetracht,7414,5
tricchetracht,5862,3
tricchetracht,4998,44
tricchetracht,254,81
tricchetracht,7603,1
tricchetracht,6415,1
tricchetracht,4964,34
$,$,$
partizan,7060,3
partizan,7311,7
partizan,5823,17
partizan,5888,9
partizan,6274,27
partizan,6684,25
partizan,5172,27
partizan,5559,30
partizan,7599,4
partizan,7219,14
partizan,7294,21
partizan,4994,8
partizan,6989,10
partizan,4807,20
partizan,6869,31
partizan,6956,32
partizan,6662,15
partizan,2134,7
partizan,4431,33
$,$,$
asparaghese,7070,27
asparaghese,184,5
asparaghese,5589,31
asparaghese,1850,24
asparaghese,7436,12
asparaghese,7078,20
asparaghese,6908,23
asparaghese,2423,43
asparaghese,7532,1
asparaghese,5885,1
asparaghese,6320,4
asparaghese,4664,5
asparaghese,6867,15
asparaghese,4401,6
asparaghese,5514,16
asparaghese,4976,42
asparaghese,4485,1
asparaghese,4236,15
asparaghese,4360,20
$,$,$
sangria,5791,6
sangria,4856,20
sangria,779,8
sangria,4892,37
sangria,6151,5
sangria,6884,46
sangria,2766,20
sangria,2379,45
sangria,5620,32
sangria,2728,2
sangria,7537,1
sangria,7469,3
sangria,7564,1
sangria,7410,1
sangria,5833,27
sangria,2120,50
sangria,7048,1
sangria,610,1
sangria,5841,63
$,$,$
sesto asensio,5685,4
sesto asensio,2606,28
sesto asensio,530,8
sesto asensio,6618,11
sesto asensio,7223,11
sesto asensio,4179,8
sesto asensio,7556,16
sesto asensio,7126,44
sesto asensio,5678,6
sesto asensio,5739,21
sesto asensio,6495,10
sesto asensio,7529,11
sesto asensio,6042,25
sesto asensio,5526,14
sesto asensio,5022,30
sesto asensio,2788,43
sesto asensio,6813,3
sesto asensio,4312,36
sesto asensio,6966,35
$,$,$
pescicuini,4349,1
pescicuini,536,18
pescicuini,22,14
pescicuini,6503,7
pescicuini,5422,1
pescicuini,6398,11
pescicuini,6827,2
pescicuini,1870,54
pescicuini,2724,13
pescicuini,5273,2
pescicuini,6826,1
pescicuini,4887,3
pescicuini,4210,21
pescicuini,5877,2
pescicuini,2296,42
pescicuini,7181,55
pescicuini,2170,35
pescicuini,2521,14
pescicuini,572,49
$,$,$
shark,6898,10
shark,4287,19
shark,5457,1
shark,6680,7
shark,4199,15
shark,5295,6
shark,7314,10
shark,2167,34
shark,7235,1
shark,4845,3
shark,2514,34
shark,5641,32
shark,5982,25
shark,5750,25
shark,4159,50
shark,4409,36
shark,4957,12
shark,6248,20
shark,133,22
$,$,$
atletico,4220,17
atletico,6717,3
atletico,7203,18
atletico,2077,3
atletico,5500,6
atletico,827,29
atletico,6666,17
atletico,152,37
atletico,7274,9
atletico,4502,4
atletico,7253,17
atletico,4177,5
atletico,7329,8
atletico,1852,20
atletico,5520,15
atletico,6217,42
atletico,7337,1
atletico,7611,9
atletico,6462,15
$,$,$
pipperia,2765,1
pipperia,5878,1
pipperia,4911,13
pipperia,5119,27
pipperia,6372,1
pipperia,4973,13
pipperia,632,26
pipperia,6875,41
pipperia,6485,11
pipperia,6660,7
pipperia,6632,3
pipperia,6664,3
pipperia,6496,23
pipperia,6531,2
pipperia,6727,21
pipperia,2816,40
pipperia,6534,2
pipperia,7332,10
pipperia,6482,23
$,$,$
Fc Internazioan,6294,1
Fc Internazioan,5687,16
Fc Internazioan,6010,3
Fc Internazioan,4479,11
Fc Internazioan,5844,3
Fc Internazioan,5792,21
Fc Internazioan,2517,28
Fc Internazioan,4777,46
Fc Internazioan,5695,8
Fc Internazioan,4657,12
Fc Internazioan,7069,6
Fc Internazioan,5675,2
Fc Internazioan,4433,2
Fc Internazioan,6814,8
Fc Internazioan,4734,24
Fc Internazioan,4317,30
Fc Internazioan,1926,1
Fc Internazioan,2814,24
Fc Internazioan,5116,59
